,Edad,Salario,Años_Experiencia
count,8.0,8.0,9.0
mean,31.5,56250.0,5.222222222222222
std,7.464200272921789,10911.98554670178,4.236088342379612
min,22.0,42000.0,1.0
25%,27.25,49500.0,3.0
50%,29.5,53500.0,4.0
75%,35.75,62000.0,6.0
max,45.0,75000.0,15.0
